model_name,num_model_params,train_time,crash,eval_time,validation_accuracy,accuracy_history,loss_history,eval_accuracy,val_loss_history,val_accuracy_history
4sig_6relu_20ep_v1,61162,30.80006766319275,-,0.7132768630981445,"[0.8391666412353516, 0.9047499895095825, 0.9261666536331177, 0.9325833320617676, 0.934583306312561, 0.9435833096504211, 0.9440000057220459, 0.9521666765213013, 0.9520000219345093, 0.9515833258628845, 0.9548333287239075, 0.953166663646698, 0.9566666483879089, 0.9545833468437195, 0.953499972820282, 0.9576666951179504, 0.9575833082199097, 0.9575833082199097, 0.952750027179718, 0.9583333134651184]","[0.5216666460037231, 0.8758749961853027, 0.914312481880188, 0.9340000152587891, 0.9418125152587891, 0.9478541612625122, 0.9526875019073486, 0.9586458206176758, 0.9600208401679993, 0.9637083411216736, 0.9664583206176758, 0.9672499895095825, 0.9698541760444641, 0.9717291593551636, 0.9725416898727417, 0.9741041660308838, 0.9757708311080933, 0.9772708415985107, 0.9789791703224182, 0.9790416955947876]","[1.3074027299880981, 0.43895548582077026, 0.31777945160865784, 0.25150924921035767, 0.22252242267131805, 0.19749495387077332, 0.1814223676919937, 0.1608089953660965, 0.15272100269794464, 0.13897408545017242, 0.12826356291770935, 0.12616115808486938, 0.11604532599449158, 0.10797519981861115, 0.10729946196079254, 0.098212331533432, 0.09240391850471497, 0.08940847963094711, 0.08187876641750336, 0.08097917586565018]","[0.18503546714782715, 0.9569000005722046]","[0.5479098558425903, 0.35058704018592834, 0.28328976035118103, 0.2618567645549774, 0.2498835176229477, 0.2335832118988037, 0.22166168689727783, 0.1984488070011139, 0.19823028147220612, 0.19562439620494843, 0.18932878971099854, 0.19006170332431793, 0.1801305115222931, 0.1855536699295044, 0.1874091625213623, 0.17584176361560822, 0.18397292494773865, 0.184036985039711, 0.20670874416828156, 0.18120461702346802]","[0.8391666412353516, 0.9047499895095825, 0.9261666536331177, 0.9325833320617676, 0.934583306312561, 0.9435833096504211, 0.9440000057220459, 0.9521666765213013, 0.9520000219345093, 0.9515833258628845, 0.9548333287239075, 0.953166663646698, 0.9566666483879089, 0.9545833468437195, 0.953499972820282, 0.9576666951179504, 0.9575833082199097, 0.9575833082199097, 0.952750027179718, 0.9583333134651184]"
