model_name,num_model_params,train_time,crash,eval_time,validation_accuracy,accuracy_history,loss_history,eval_accuracy,val_loss_history,val_accuracy_history
5sig_5relu_20ep_v1,61162,24.867096424102783,-,0.6481459140777588,"[0.531083345413208, 0.731166660785675, 0.7943333387374878, 0.8393333554267883, 0.8699166774749756, 0.8775833249092102, 0.8898333311080933, 0.9027500152587891, 0.9087499976158142, 0.9105833172798157, 0.9164166450500488, 0.9096666574478149, 0.9201666712760925, 0.9307500123977661, 0.9176666736602783, 0.9210000038146973, 0.9370833039283752, 0.9384999871253967, 0.9394999742507935, 0.9417499899864197]","[0.3005416691303253, 0.635895848274231, 0.7668125033378601, 0.812749981880188, 0.8581041693687439, 0.8758124709129333, 0.8833749890327454, 0.8955625295639038, 0.9053958058357239, 0.9138749837875366, 0.9207291603088379, 0.9245833158493042, 0.929645836353302, 0.9346041679382324, 0.9380624890327454, 0.9381458163261414, 0.9434999823570251, 0.9457083344459534, 0.950166642665863, 0.9487083554267883]","[1.7479331493377686, 1.022656798362732, 0.7379003763198853, 0.6270045638084412, 0.5513827800750732, 0.5042978525161743, 0.4738132357597351, 0.418697714805603, 0.3677233159542084, 0.3335025906562805, 0.3089140057563782, 0.29256871342658997, 0.2729332745075226, 0.25554314255714417, 0.24123750627040863, 0.23561303317546844, 0.21892417967319489, 0.21072258055210114, 0.19906550645828247, 0.19970974326133728]","[0.24300558865070343, 0.9383000135421753]","[1.2586532831192017, 0.8340491652488708, 0.6531423330307007, 0.5899067521095276, 0.509242057800293, 0.49970197677612305, 0.45622310042381287, 0.37966805696487427, 0.3424660563468933, 0.33382150530815125, 0.31847599148750305, 0.34531229734420776, 0.30506443977355957, 0.26584863662719727, 0.303339421749115, 0.30007222294807434, 0.24571958184242249, 0.24057278037071228, 0.23855262994766235, 0.2291289120912552]","[0.531083345413208, 0.731166660785675, 0.7943333387374878, 0.8393333554267883, 0.8699166774749756, 0.8775833249092102, 0.8898333311080933, 0.9027500152587891, 0.9087499976158142, 0.9105833172798157, 0.9164166450500488, 0.9096666574478149, 0.9201666712760925, 0.9307500123977661, 0.9176666736602783, 0.9210000038146973, 0.9370833039283752, 0.9384999871253967, 0.9394999742507935, 0.9417499899864197]"
