model_name,accuracy_history,validation_accuracy,acc_diff_avg,loss_diff_avg,train_time,num_model_params,time_per_param,eval_time,crash
10relu_adam_v1,"[0.8149791955947876, 0.9323541522026062, 0.9496666789054871, 0.9586041569709778, 0.9624791741371155, 0.9680416584014893, 0.9702916741371155, 0.9738749861717224, 0.9749374985694885, 0.9771041870117188]","[0.92208331823349, 0.949916660785675, 0.9519166946411133, 0.9588333368301392, 0.9612500071525574, 0.9592499732971191, 0.9589999914169312, 0.9629166722297668, 0.9599999785423279, 0.9659166932106018]",0.018554168939590453,0.0642488606274128,11.891764402389526,61162,0.00022586330048826885,0.6101369857788086,-
10relu_adam_ones_At_6_v1,"[0.6110000014305115, 0.9065625071525574, 0.9375208616256714, 0.9493541717529297, 0.9551874995231628, 0.9603958129882812, 0.9640416502952576, 0.9688541889190674, 0.9712083339691162, 0.9728958606719971]","[0.8799166679382324, 0.934333324432373, 0.9420833587646484, 0.9470000267028809, 0.949999988079071, 0.9574166536331177, 0.9449166655540466, 0.9580000042915344, 0.9595000147819519, 0.9571666717529297]",0.03691874742507935,0.1046358436346054,13.8142511844635,61162,0.00022586330048826885,0.7452819347381592,-
