model_name,num_model_params,train_time,crash,eval_time,validation_accuracy,accuracy_history,loss_history,eval_accuracy,val_loss_history,val_accuracy_history
10relu_adam_ones_At_6_v1,61162,13.814251184463501,-,0.7452819347381592,"[0.8799166679382324, 0.934333324432373, 0.9420833587646484, 0.9470000267028809, 0.949999988079071, 0.9574166536331177, 0.9449166655540466, 0.9580000042915344, 0.9595000147819519, 0.9571666717529297]","[0.6110000014305115, 0.9065625071525574, 0.9375208616256714, 0.9493541717529297, 0.9551874995231628, 0.9603958129882812, 0.9640416502952576, 0.9688541889190674, 0.9712083339691162, 0.9728958606719971]","[1.0505483150482178, 0.3307200074195862, 0.21971850097179413, 0.1803053617477417, 0.1595732569694519, 0.14054857194423676, 0.1312621682882309, 0.11349085718393326, 0.10371406376361847, 0.09907383471727371]","[0.16473546624183655, 0.9571999907493591]","[0.4393792450428009, 0.2367057502269745, 0.20748357474803925, 0.198135107755661, 0.19675947725772858, 0.16305097937583923, 0.2138945311307907, 0.16652880609035492, 0.15288621187210083, 0.16565318405628204]","[0.8799166679382324, 0.934333324432373, 0.9420833587646484, 0.9470000267028809, 0.949999988079071, 0.9574166536331177, 0.9449166655540466, 0.9580000042915344, 0.9595000147819519, 0.9571666717529297]"
