model_name,accuracy_history,validation_accuracy,acc_diff_avg,loss_diff_avg,train_time,num_model_params,time_per_param,eval_time,crash
10relu_adam_L1_L2_At_2_v1,"[0.7836041450500488, 0.9125833511352539, 0.932854175567627, 0.945020854473114, 0.9501875042915344, 0.9541666507720947, 0.957895815372467, 0.9612083435058594, 0.9626458287239075, 0.9654374718666077]","[0.9037500023841858, 0.9279166460037231, 0.9390833377838135, 0.9386666417121887, 0.9480833411216736, 0.9524999856948853, 0.9580833315849304, 0.956333339214325, 0.9484166502952576, 0.9589166641235352]",0.017764586210250854,0.11758419275283813,12.757636070251465,61162,0.00022048398373363293,0.666248083114624,-
10relu_adam_L1_L2_At_10_v1,"[0.8010625243186951, 0.9304166436195374, 0.9458541870117188, 0.9543541669845581, 0.9590833187103271, 0.963854193687439, 0.9664999842643738, 0.9706458449363708, 0.973479151725769, 0.9748125076293945]","[0.9304999709129333, 0.9346666932106018, 0.9475833177566528, 0.9580000042915344, 0.956333339214325, 0.9553333520889282, 0.9624999761581421, 0.9629166722297668, 0.9605833292007446, 0.9542499780654907]",0.019552081823349,0.16304988265037537,13.485241413116457,61162,0.00022048398373363293,0.6532726287841797,-
