model_name,num_model_params,train_time,crash,eval_time,validation_accuracy,accuracy_history,loss_history,eval_accuracy,val_loss_history,val_accuracy_history
10relu_adam_L1_L2_At_2_v1,61162,12.757636070251465,-,0.666248083114624,"[0.9037500023841858, 0.9279166460037231, 0.9390833377838135, 0.9386666417121887, 0.9480833411216736, 0.9524999856948853, 0.9580833315849304, 0.956333339214325, 0.9484166502952576, 0.9589166641235352]","[0.7836041450500488, 0.9125833511352539, 0.932854175567627, 0.945020854473114, 0.9501875042915344, 0.9541666507720947, 0.957895815372467, 0.9612083435058594, 0.9626458287239075, 0.9654374718666077]","[1.5548475980758667, 0.5104448795318604, 0.34897753596305847, 0.2804148197174072, 0.24299617111682892, 0.22391605377197266, 0.20699843764305115, 0.18955720961093903, 0.1839805692434311, 0.17368584871292114]","[0.20188137888908386, 0.9599999785423279]","[0.6332796216011047, 0.39677953720092773, 0.3174982964992523, 0.2789160907268524, 0.24232682585716248, 0.2216084748506546, 0.2083541601896286, 0.20938187837600708, 0.24033701419830322, 0.2008027285337448]","[0.9037500023841858, 0.9279166460037231, 0.9390833377838135, 0.9386666417121887, 0.9480833411216736, 0.9524999856948853, 0.9580833315849304, 0.956333339214325, 0.9484166502952576, 0.9589166641235352]"
