model_name,num_model_params,train_time,crash,eval_time,validation_accuracy,accuracy_history,loss_history,eval_accuracy,val_loss_history,val_accuracy_history
10relu_adam_L1_L2_At_10_v1,61162,13.485241413116455,-,0.6532726287841797,"[0.9304999709129333, 0.9346666932106018, 0.9475833177566528, 0.9580000042915344, 0.956333339214325, 0.9553333520889282, 0.9624999761581421, 0.9629166722297668, 0.9605833292007446, 0.9542499780654907]","[0.8010625243186951, 0.9304166436195374, 0.9458541870117188, 0.9543541669845581, 0.9590833187103271, 0.963854193687439, 0.9664999842643738, 0.9706458449363708, 0.973479151725769, 0.9748125076293945]","[1.8518352508544922, 0.4406460225582123, 0.2754999101161957, 0.2216646373271942, 0.18860509991645813, 0.16470485925674438, 0.15160970389842987, 0.13405601680278778, 0.12144935876131058, 0.11528465896844864]","[0.18099692463874817, 0.9562000036239624]","[0.5756970047950745, 0.35028520226478577, 0.25633305311203003, 0.20744885504245758, 0.202774316072464, 0.19691801071166992, 0.17182977497577667, 0.16601987183094025, 0.1744852364063263, 0.1942996084690094]","[0.9304999709129333, 0.9346666932106018, 0.9475833177566528, 0.9580000042915344, 0.956333339214325, 0.9553333520889282, 0.9624999761581421, 0.9629166722297668, 0.9605833292007446, 0.9542499780654907]"
