model_name,num_model_params,train_time,crash,eval_time,validation_accuracy,accuracy_history,loss_history,eval_accuracy,val_loss_history,val_accuracy_history
10relu_adam_v1,61162,11.891764402389526,-,0.6101369857788086,"[0.92208331823349, 0.949916660785675, 0.9519166946411133, 0.9588333368301392, 0.9612500071525574, 0.9592499732971191, 0.9589999914169312, 0.9629166722297668, 0.9599999785423279, 0.9659166932106018]","[0.8149791955947876, 0.9323541522026062, 0.9496666789054871, 0.9586041569709778, 0.9624791741371155, 0.9680416584014893, 0.9702916741371155, 0.9738749861717224, 0.9749374985694885, 0.9771041870117188]","[0.5811746120452881, 0.2299371361732483, 0.17081792652606964, 0.14084309339523315, 0.12843087315559387, 0.10998281836509705, 0.10053638368844986, 0.08893438428640366, 0.08422962576150894, 0.07768277823925018]","[0.14328598976135254, 0.9621999859809875]","[0.2578383684158325, 0.1793735772371292, 0.170923113822937, 0.14809730648994446, 0.13957113027572632, 0.14872069656848907, 0.14549875259399414, 0.14103037118911743, 0.14146022498607635, 0.13474509119987488]","[0.92208331823349, 0.949916660785675, 0.9519166946411133, 0.9588333368301392, 0.9612500071525574, 0.9592499732971191, 0.9589999914169312, 0.9629166722297668, 0.9599999785423279, 0.9659166932106018]"
