model_name,num_model_params,train_time,crash,eval_time,validation_accuracy,accuracy_history,loss_history,eval_accuracy,val_loss_history,val_accuracy_history
10relu_Ftrl_v1,61162,18.708768606185913,-,0.6461448669433594,"[0.10599999874830246, 0.10599999874830246, 0.10599999874830246, 0.10599999874830246, 0.10599999874830246, 0.10599999874830246, 0.10599999874830246, 0.10599999874830246, 0.10599999874830246, 0.10599999874830246]","[0.1133124977350235, 0.11395833641290665, 0.11395833641290665, 0.11395833641290665, 0.11395833641290665, 0.11395833641290665, 0.11395833641290665, 0.11395833641290665, 0.11395833641290665, 0.11395833641290665]","[2.302443742752075, 2.3022537231445312, 2.3021345138549805, 2.302046537399292, 2.301974058151245, 2.3019113540649414, 2.301859140396118, 2.3018126487731934, 2.301772117614746, 2.3017337322235107]","[2.3017306327819824, 0.11349999904632568]","[2.302422046661377, 2.302337408065796, 2.302278518676758, 2.3022334575653076, 2.302197217941284, 2.302166223526001, 2.3021397590637207, 2.3021180629730225, 2.302098035812378, 2.3020811080932617]","[0.10599999874830246, 0.10599999874830246, 0.10599999874830246, 0.10599999874830246, 0.10599999874830246, 0.10599999874830246, 0.10599999874830246, 0.10599999874830246, 0.10599999874830246, 0.10599999874830246]"
