model_name,num_model_params,train_time,crash,eval_time,validation_accuracy,accuracy_history,loss_history,eval_accuracy,val_loss_history,val_accuracy_history
4sig_6relu_v1,61162,12.903689861297607,-,0.6472756862640381,"[0.6909999847412109, 0.890916645526886, 0.9254166483879089, 0.9348333477973938, 0.9414166808128357, 0.9474166631698608, 0.9469166398048401, 0.9465833306312561, 0.9517499804496765, 0.9570000171661377]","[0.44318750500679016, 0.8184375166893005, 0.9137916564941406, 0.9297500252723694, 0.9392916560173035, 0.9453125, 0.9508958458900452, 0.9549999833106995, 0.9589166641235352, 0.9628333449363708]","[1.4433733224868774, 0.5966507792472839, 0.341605544090271, 0.27876195311546326, 0.24043585360050201, 0.21618060767650604, 0.19261887669563293, 0.17237387597560883, 0.15667690336704254, 0.1436203271150589]","[0.17585140466690063, 0.954800009727478]","[0.8370682597160339, 0.4203633666038513, 0.289800763130188, 0.26081928610801697, 0.23780305683612823, 0.21358539164066315, 0.20794810354709625, 0.2060972899198532, 0.18914392590522766, 0.17285066843032837]","[0.6909999847412109, 0.890916645526886, 0.9254166483879089, 0.9348333477973938, 0.9414166808128357, 0.9474166631698608, 0.9469166398048401, 0.9465833306312561, 0.9517499804496765, 0.9570000171661377]"
