model_name,num_model_params,train_time,crash,eval_time,validation_accuracy,accuracy_history,loss_history,eval_accuracy,val_loss_history,val_accuracy_history
5sig_5relu_v1,61162,13.798397779464722,-,0.7331645488739014,"[0.7439166903495789, 0.8708333373069763, 0.9020833373069763, 0.8990833163261414, 0.9140833616256714, 0.9182500243186951, 0.9227499961853027, 0.9232500195503235, 0.9144999980926514, 0.9319999814033508]","[0.5171666741371155, 0.796708345413208, 0.8845000267028809, 0.9053333401679993, 0.9159166812896729, 0.9240416884422302, 0.9306041598320007, 0.934541642665863, 0.9379166960716248, 0.9417083263397217]","[1.3262776136398315, 0.6163613796234131, 0.41735708713531494, 0.34430640935897827, 0.30892497301101685, 0.28139594197273254, 0.2620786428451538, 0.24923932552337646, 0.23345188796520233, 0.2190844863653183]","[0.2644256353378296, 0.9283000230789185]","[0.7589870691299438, 0.4558142423629761, 0.3626401424407959, 0.3637208342552185, 0.3130175769329071, 0.2972847819328308, 0.2894229590892792, 0.28416916728019714, 0.31071120500564575, 0.25611478090286255]","[0.7439166903495789, 0.8708333373069763, 0.9020833373069763, 0.8990833163261414, 0.9140833616256714, 0.9182500243186951, 0.9227499961853027, 0.9232500195503235, 0.9144999980926514, 0.9319999814033508]"
