model_name,num_model_params,train_time,crash,eval_time,validation_accuracy,accuracy_history,loss_history,eval_accuracy,val_loss_history,val_accuracy_history
15relu_adam_v1,81962,19.078031301498413,-,0.9712183475494385,"[0.9077500104904175, 0.9124166369438171, 0.9445833563804626, 0.9457499980926514, 0.9525833129882812, 0.9574999809265137, 0.9538333415985107, 0.9570000171661377, 0.9593333601951599, 0.9610000252723694]","[0.7561666369438171, 0.9169374704360962, 0.9411666393280029, 0.9503124952316284, 0.9584583044052124, 0.9618958234786987, 0.9657291769981384, 0.9691666960716248, 0.9699166417121887, 0.9732083082199097]","[0.7468313574790955, 0.29505231976509094, 0.21283434331417084, 0.17749269306659698, 0.14938974380493164, 0.13955245912075043, 0.12476775050163269, 0.11346928775310516, 0.11048885434865952, 0.09954047948122025]","[0.15283139050006866, 0.9595999717712402]","[0.32832470536231995, 0.3083552122116089, 0.20297914743423462, 0.1996060311794281, 0.1851525604724884, 0.1578560322523117, 0.17087838053703308, 0.15698492527008057, 0.15520910918712616, 0.15744154155254364]","[0.9077500104904175, 0.9124166369438171, 0.9445833563804626, 0.9457499980926514, 0.9525833129882812, 0.9574999809265137, 0.9538333415985107, 0.9570000171661377, 0.9593333601951599, 0.9610000252723694]"
