model_name,accuracy_history,validation_accuracy,acc_diff_avg,loss_diff_avg,train_time,num_model_params,time_per_param,eval_time,crash
2relu_adam_v1,"[0.8573750257492065, 0.9365416765213013, 0.9497500061988831, 0.957645833492279, 0.9631875157356262, 0.9672499895095825, 0.9704166650772095, 0.9733750224113464, 0.9752500057220459, 0.9780208468437195]","[0.9340833425521851, 0.9485833048820496, 0.9539166688919067, 0.9570833444595337, 0.9606666564941406, 0.9626666903495789, 0.9640833139419556, 0.965666651725769, 0.965583324432373, 0.9670833349227905]",0.013522917032241821,0.04780126363039017,5.628798961639404,27882,0.00023276678584586044,0.44209885597229,-
15relu_adam_v1,"[0.7561666369438171, 0.9169374704360962, 0.9411666393280029, 0.9503124952316284, 0.9584583044052124, 0.9618958234786987, 0.9657291769981384, 0.9691666960716248, 0.9699166417121887, 0.9732083082199097]","[0.9077500104904175, 0.9124166369438171, 0.9445833563804626, 0.9457499980926514, 0.9525833129882812, 0.9574999809265137, 0.9538333415985107, 0.9570000171661377, 0.9593333601951599, 0.9610000252723694]",0.02212083339691162,0.07100920528173446,19.078031301498413,81962,0.00023276678584586044,0.9712183475494384,-
