model_name,num_model_params,train_time,crash,eval_time,validation_accuracy,accuracy_history,loss_history,eval_accuracy,val_loss_history,val_accuracy_history
2relu_adam_v1,27882,5.628798961639404,-,0.44209885597229004,"[0.9340833425521851, 0.9485833048820496, 0.9539166688919067, 0.9570833444595337, 0.9606666564941406, 0.9626666903495789, 0.9640833139419556, 0.965666651725769, 0.965583324432373, 0.9670833349227905]","[0.8573750257492065, 0.9365416765213013, 0.9497500061988831, 0.957645833492279, 0.9631875157356262, 0.9672499895095825, 0.9704166650772095, 0.9733750224113464, 0.9752500057220459, 0.9780208468437195]","[0.4882558286190033, 0.22007641196250916, 0.17218561470508575, 0.14331158995628357, 0.12379581481218338, 0.10912709683179855, 0.09893004596233368, 0.08795883506536484, 0.08080796897411346, 0.07220659404993057]","[0.11191166937351227, 0.9661999940872192]","[0.23552186787128448, 0.18454395234584808, 0.16190966963768005, 0.1447848677635193, 0.1357424259185791, 0.13257518410682678, 0.12935905158519745, 0.11903512477874756, 0.11823540180921555, 0.11587616056203842]","[0.9340833425521851, 0.9485833048820496, 0.9539166688919067, 0.9570833444595337, 0.9606666564941406, 0.9626666903495789, 0.9640833139419556, 0.965666651725769, 0.965583324432373, 0.9670833349227905]"
