model_name,accuracy_history,validation_accuracy,acc_diff_avg,loss_diff_avg,train_time,num_model_params,time_per_param,eval_time,crash
10relu_adam_v1,"[0.8149791955947876, 0.9323541522026062, 0.9496666789054871, 0.9586041569709778, 0.9624791741371155, 0.9680416584014893, 0.9702916741371155, 0.9738749861717224, 0.9749374985694885, 0.9771041870117188]","[0.92208331823349, 0.949916660785675, 0.9519166946411133, 0.9588333368301392, 0.9612500071525574, 0.9592499732971191, 0.9589999914169312, 0.9629166722297668, 0.9599999785423279, 0.9659166932106018]",0.018554168939590453,0.0642488606274128,11.891764402389526,61162,0.0004885577807802702,0.6101369857788086,-
10relu_RMSprop_v1,"[0.7902708053588867, 0.9320208430290222, 0.9495208263397217, 0.9574791789054871, 0.9633541703224182, 0.968416690826416, 0.9702083468437195, 0.9734583497047424, 0.9749166369438171, 0.9779791831970215]","[0.925000011920929, 0.9462500214576721, 0.9566666483879089, 0.9539999961853027, 0.9599166512489319, 0.9650833606719971, 0.9539999961853027, 0.9649999737739563, 0.9674166440963745, 0.9627500176429749]",0.021375012397766114,0.07326126098632812,29.88117098808289,61162,0.0004885577807802702,0.8063068389892578,-
