model_name,num_model_params,train_time,crash,eval_time,validation_accuracy,accuracy_history,loss_history,eval_accuracy,val_loss_history,val_accuracy_history
10relu_RMSprop_v1,61162,29.881170988082886,-,0.8063068389892578,"[0.925000011920929, 0.9462500214576721, 0.9566666483879089, 0.9539999961853027, 0.9599166512489319, 0.9650833606719971, 0.9539999961853027, 0.9649999737739563, 0.9674166440963745, 0.9627500176429749]","[0.7902708053588867, 0.9320208430290222, 0.9495208263397217, 0.9574791789054871, 0.9633541703224182, 0.968416690826416, 0.9702083468437195, 0.9734583497047424, 0.9749166369438171, 0.9779791831970215]","[0.6361728310585022, 0.24026866257190704, 0.1779240369796753, 0.14738604426383972, 0.12703736126422882, 0.11261431127786636, 0.10375924408435822, 0.0938604325056076, 0.08782969415187836, 0.0815456286072731]","[0.14588548243045807, 0.9628000259399414]","[0.2612241804599762, 0.1840333640575409, 0.15576334297657013, 0.16855214536190033, 0.14761114120483398, 0.13279171288013458, 0.17311008274555206, 0.13058222830295563, 0.1256542205810547, 0.15499915182590485]","[0.925000011920929, 0.9462500214576721, 0.9566666483879089, 0.9539999961853027, 0.9599166512489319, 0.9650833606719971, 0.9539999961853027, 0.9649999737739563, 0.9674166440963745, 0.9627500176429749]"
