model_name,num_model_params,train_time,crash,eval_time,validation_accuracy,accuracy_history,loss_history,eval_accuracy,val_loss_history,val_accuracy_history
10relu_adam_L2_At_2_v1,61162,13.484871864318848,-,0.6489958763122559,"[0.9328333139419556, 0.9487500190734863, 0.949999988079071, 0.9520833492279053, 0.9610833525657654, 0.9628333449363708, 0.9567499756813049, 0.9663333296775818, 0.9647499918937683, 0.9622499942779541]","[0.8164791464805603, 0.9336666464805603, 0.9479791522026062, 0.9566041827201843, 0.9622916579246521, 0.9666666388511658, 0.9659791588783264, 0.9713541865348816, 0.973270833492279, 0.9744791388511658]","[0.743527352809906, 0.3104400038719177, 0.23333507776260376, 0.19184710085391998, 0.1633070409297943, 0.14245811104774475, 0.14050179719924927, 0.12290128320455551, 0.11483041197061539, 0.10919135808944702]","[0.15211008489131927, 0.9621000289916992]","[0.33751624822616577, 0.2451602816581726, 0.21998600661754608, 0.20710721611976624, 0.16779357194900513, 0.1557539701461792, 0.17280320823192596, 0.14657866954803467, 0.151750847697258, 0.15483954548835754]","[0.9328333139419556, 0.9487500190734863, 0.949999988079071, 0.9520833492279053, 0.9610833525657654, 0.9628333449363708, 0.9567499756813049, 0.9663333296775818, 0.9647499918937683, 0.9622499942779541]"
