model_name,accuracy_history,validation_accuracy,acc_diff_avg,loss_diff_avg,train_time,num_model_params,time_per_param,eval_time,crash
10relu_adam_L1_At_2_v1,"[0.7661250233650208, 0.9176041483879089, 0.9350625276565552, 0.9436041712760925, 0.9481458067893982, 0.9549583196640015, 0.9588958621025085, 0.9620624780654907, 0.9628333449363708, 0.9662291407585144]","[0.8825833201408386, 0.9369999766349792, 0.9389166831970215, 0.9449166655540466, 0.9356666803359985, 0.9430000185966492, 0.9505833387374878, 0.9517499804496765, 0.9546666741371155, 0.9557499885559082]",0.02027290463447571,0.11743775755167007,12.700942039489746,61162,0.00022047794160293723,0.6321420669555664,-
10relu_adam_L2_At_2_v1,"[0.8164791464805603, 0.9336666464805603, 0.9479791522026062, 0.9566041827201843, 0.9622916579246521, 0.9666666388511658, 0.9659791588783264, 0.9713541865348816, 0.973270833492279, 0.9744791388511658]","[0.9328333139419556, 0.9487500190734863, 0.949999988079071, 0.9520833492279053, 0.9610833525657654, 0.9628333449363708, 0.9567499756813049, 0.9663333296775818, 0.9647499918937683, 0.9622499942779541]",0.017802083492279054,0.06562298238277435,13.484871864318848,61162,0.00022047794160293723,0.6489958763122559,-
