model_name,num_model_params,train_time,crash,eval_time,validation_accuracy,accuracy_history,loss_history,eval_accuracy,val_loss_history,val_accuracy_history
10relu_adam_L1_At_2_v1,61162,12.700942039489746,-,0.6321420669555664,"[0.8825833201408386, 0.9369999766349792, 0.9389166831970215, 0.9449166655540466, 0.9356666803359985, 0.9430000185966492, 0.9505833387374878, 0.9517499804496765, 0.9546666741371155, 0.9557499885559082]","[0.7661250233650208, 0.9176041483879089, 0.9350625276565552, 0.9436041712760925, 0.9481458067893982, 0.9549583196640015, 0.9588958621025085, 0.9620624780654907, 0.9628333449363708, 0.9662291407585144]","[1.5031038522720337, 0.49535831809043884, 0.34858012199401855, 0.2866908311843872, 0.2594647705554962, 0.22883111238479614, 0.20574109256267548, 0.1931917667388916, 0.1867685317993164, 0.17405934631824493]","[0.21471582353115082, 0.9553999900817871]","[0.6836530566215515, 0.373993843793869, 0.3238896429538727, 0.2759338319301605, 0.29864126443862915, 0.2544337511062622, 0.2317461371421814, 0.2358362078666687, 0.21468104422092438, 0.21083304286003113]","[0.8825833201408386, 0.9369999766349792, 0.9389166831970215, 0.9449166655540466, 0.9356666803359985, 0.9430000185966492, 0.9505833387374878, 0.9517499804496765, 0.9546666741371155, 0.9557499885559082]"
