model_name,num_model_params,train_time,crash,eval_time,validation_accuracy,accuracy_history,loss_history,eval_accuracy,val_loss_history,val_accuracy_history
10relu_adam_dropout_0.2_At_7_v1,61162,12.31825566291809,-,0.6072747707366943,"[0.9242500066757202, 0.9490833282470703, 0.956250011920929, 0.9564999938011169, 0.9542499780654907, 0.9607499837875366, 0.9589166641235352, 0.9643333554267883, 0.9596666693687439, 0.968916654586792]","[0.7697291374206543, 0.9307291507720947, 0.9471874833106995, 0.956125020980835, 0.9618124961853027, 0.9665833115577698, 0.9702500104904175, 0.9742916822433472, 0.9749583601951599, 0.9762916564941406]","[0.6900169253349304, 0.24833974242210388, 0.18741607666015625, 0.15618516504764557, 0.13544493913650513, 0.11702825129032135, 0.10568315535783768, 0.09284127503633499, 0.08889984339475632, 0.08463669568300247]","[0.12264841049909592, 0.9686999917030334]","[0.2612014710903168, 0.1768631637096405, 0.15413632988929749, 0.15370811522006989, 0.15669123828411102, 0.14086370170116425, 0.1428602933883667, 0.13178086280822754, 0.15551629662513733, 0.124066062271595]","[0.9242500066757202, 0.9490833282470703, 0.956250011920929, 0.9564999938011169, 0.9542499780654907, 0.9607499837875366, 0.9589166641235352, 0.9643333554267883, 0.9596666693687439, 0.968916654586792]"
