model_name,num_model_params,train_time,crash,eval_time,validation_accuracy,accuracy_history,loss_history,eval_accuracy,val_loss_history,val_accuracy_history
10relu_adam_dropout_0.9_At_7_v1,61162,12.342005491256714,-,0.6221404075622559,"[0.3291666805744171, 0.3034999966621399, 0.12816666066646576, 0.22041666507720947, 0.2160000056028366, 0.21808333694934845, 0.21958333253860474, 0.21850000321865082, 0.16891667246818542, 0.22466666996479034]","[0.4584375023841858, 0.6904791593551636, 0.8039583563804626, 0.8654166460037231, 0.8826249837875366, 0.9012291431427002, 0.9070833325386047, 0.9124374985694885, 0.9177083373069763, 0.9238333106040955]","[1.4169703722000122, 0.8859125971794128, 0.6811583638191223, 0.538203775882721, 0.4806646406650543, 0.42572009563446045, 0.40546298027038574, 0.3847741186618805, 0.36500439047813416, 0.3427477180957794]","[4.416617393493652, 0.22380000352859497]","[1.869926929473877, 3.255871534347534, 5.2082905769348145, 5.878469467163086, 5.194815635681152, 5.1836371421813965, 4.777473449707031, 4.955053806304932, 4.4705119132995605, 4.416955947875977]","[0.3291666805744171, 0.3034999966621399, 0.12816666066646576, 0.22041666507720947, 0.2160000056028366, 0.21808333694934845, 0.21958333253860474, 0.21850000321865082, 0.16891667246818542, 0.22466666996479034]"
