model_name,num_model_params,train_time,crash,eval_time,validation_accuracy,accuracy_history,loss_history,eval_accuracy,val_loss_history,val_accuracy_history
example_2relu_1sigmoid_v2,32042,6.2452874183654785,-,0.44620323181152344,"[0.9267500042915344, 0.9449166655540466, 0.952833354473114, 0.9589999914169312, 0.9613333344459534, 0.9624166488647461, 0.9634166955947876, 0.9649999737739563, 0.965416669845581, 0.9679999947547913]","[0.8248541951179504, 0.932812511920929, 0.9492083191871643, 0.9571458101272583, 0.9626874923706055, 0.9681666493415833, 0.9721458554267883, 0.9747499823570251, 0.9770833253860474, 0.9797083139419556]","[0.6511930227279663, 0.2366350144147873, 0.17705802619457245, 0.14583376049995422, 0.12500472366809845, 0.10803763568401337, 0.09545876830816269, 0.0852523073554039, 0.07678387314081192, 0.06871052086353302]","[0.10886864364147186, 0.9686999917030334]","[0.27090027928352356, 0.19347001612186432, 0.16379953920841217, 0.13797242939472198, 0.13218553364276886, 0.12690460681915283, 0.12378154695034027, 0.1164749339222908, 0.1160830408334732, 0.10967849940061569]","[0.9267500042915344, 0.9449166655540466, 0.952833354473114, 0.9589999914169312, 0.9613333344459534, 0.9624166488647461, 0.9634166955947876, 0.9649999737739563, 0.965416669845581, 0.9679999947547913]"
