model_name,num_model_params,train_time,crash,eval_time,validation_accuracy,accuracy_history,loss_history,eval_accuracy,val_loss_history,val_accuracy_history
10relu_adam_zeros_At_6_v1,61162,13.250709533691406,-,0.706282377243042,"[0.10599999874830246, 0.10599999874830246, 0.10599999874830246, 0.10599999874830246, 0.10599999874830246, 0.10599999874830246, 0.10599999874830246, 0.10599999874830246, 0.10599999874830246, 0.10599999874830246]","[0.11264583468437195, 0.11395833641290665, 0.11395833641290665, 0.11395833641290665, 0.11395833641290665, 0.11395833641290665, 0.11395833641290665, 0.11395833641290665, 0.11395833641290665, 0.11395833641290665]","[2.301618814468384, 2.3011045455932617, 2.3010566234588623, 2.3010995388031006, 2.3010847568511963, 2.3010637760162354, 2.3010857105255127, 2.3010876178741455, 2.3010752201080322, 2.3010709285736084]","[2.3009893894195557, 0.11349999904632568]","[2.3019254207611084, 2.302086114883423, 2.302274703979492, 2.3022677898406982, 2.3021817207336426, 2.30229115486145, 2.302241086959839, 2.302109718322754, 2.3021914958953857, 2.3021316528320312]","[0.10599999874830246, 0.10599999874830246, 0.10599999874830246, 0.10599999874830246, 0.10599999874830246, 0.10599999874830246, 0.10599999874830246, 0.10599999874830246, 0.10599999874830246, 0.10599999874830246]"
