model_name,accuracy_history,validation_accuracy,acc_diff_avg,loss_diff_avg,train_time,num_model_params,time_per_param,eval_time,crash
10relu_adam_ones_At_6_v1,"[0.6110000014305115, 0.9065625071525574, 0.9375208616256714, 0.9493541717529297, 0.9551874995231628, 0.9603958129882812, 0.9640416502952576, 0.9688541889190674, 0.9712083339691162, 0.9728958606719971]","[0.8799166679382324, 0.934333324432373, 0.9420833587646484, 0.9470000267028809, 0.949999988079071, 0.9574166536331177, 0.9449166655540466, 0.9580000042915344, 0.9595000147819519, 0.9571666717529297]",0.03691874742507935,0.1046358436346054,13.8142511844635,61162,0.00021664938252005176,0.7452819347381592,-
10relu_adam_zeros_At_6_v1,"[0.11264583468437195, 0.11395833641290665, 0.11395833641290665, 0.11395833641290665, 0.11395833641290665, 0.11395833641290665, 0.11395833641290665, 0.11395833641290665, 0.11395833641290665, 0.11395833641290665]","[0.10599999874830246, 0.10599999874830246, 0.10599999874830246, 0.10599999874830246, 0.10599999874830246, 0.10599999874830246, 0.10599999874830246, 0.10599999874830246, 0.10599999874830246, 0.10599999874830246]",0.007827087491750716,0.0010353326797485352,13.250709533691406,61162,0.00021664938252005176,0.706282377243042,-
