model_name,num_model_params,train_time,crash,eval_time,validation_accuracy,accuracy_history,loss_history,eval_accuracy,val_loss_history,val_accuracy_history
2relu_adam_lr0.001_v1,27882,5.562985420227051,-,0.5002200603485107,"[0.9329166412353516, 0.9433333277702332, 0.9512500166893005, 0.9570833444595337, 0.9594166874885559, 0.9614166617393494, 0.9639999866485596, 0.9620833396911621, 0.9659166932106018, 0.9659166932106018]","[0.8613958358764648, 0.9353958368301392, 0.9493333101272583, 0.9570208191871643, 0.9627708196640015, 0.9669583439826965, 0.9713958501815796, 0.9736250042915344, 0.9765833616256714, 0.9786875247955322]","[0.4821666181087494, 0.2198677808046341, 0.1738256812095642, 0.14545483887195587, 0.12440557777881622, 0.10974380373954773, 0.09631653875112534, 0.08546717464923859, 0.07670340687036514, 0.07025833427906036]","[0.1177120953798294, 0.9663000106811523]","[0.2386133372783661, 0.19668011367321014, 0.16975875198841095, 0.14980927109718323, 0.14037099480628967, 0.13198070228099823, 0.12492801994085312, 0.13368108868598938, 0.11792081594467163, 0.11747897416353226]","[0.9329166412353516, 0.9433333277702332, 0.9512500166893005, 0.9570833444595337, 0.9594166874885559, 0.9614166617393494, 0.9639999866485596, 0.9620833396911621, 0.9659166932106018, 0.9659166932106018]"
