model_name,num_model_params,train_time,crash,eval_time,validation_accuracy,accuracy_history,loss_history,eval_accuracy,val_loss_history,val_accuracy_history
2relu_adam_lr0.0001_v1,27882,5.509556293487549,-,0.45310187339782715,"[0.8569999933242798, 0.8978333473205566, 0.9109166860580444, 0.9177500009536743, 0.9246666431427002, 0.9296666383743286, 0.9317499995231628, 0.934416651725769, 0.9375, 0.9384999871253967]","[0.6101874709129333, 0.8724791407585144, 0.8988958597183228, 0.9104375243186951, 0.9173333048820496, 0.9235625267028809, 0.9278125166893005, 0.9302708506584167, 0.9336666464805603, 0.9358749985694885]","[1.450171709060669, 0.5350630283355713, 0.383301705121994, 0.3277551531791687, 0.2961594760417938, 0.2741925120353699, 0.25780171155929565, 0.24515025317668915, 0.2340771108865738, 0.22500331699848175]","[0.2178134024143219, 0.9399999976158142]","[0.6935678124427795, 0.4035581946372986, 0.3283669948577881, 0.29428380727767944, 0.27090296149253845, 0.2547597587108612, 0.24373316764831543, 0.23332469165325165, 0.2253977507352829, 0.21837851405143738]","[0.8569999933242798, 0.8978333473205566, 0.9109166860580444, 0.9177500009536743, 0.9246666431427002, 0.9296666383743286, 0.9317499995231628, 0.934416651725769, 0.9375, 0.9384999871253967]"
