model_name,accuracy_history,validation_accuracy,acc_diff_avg,loss_diff_avg,train_time,num_model_params,time_per_param,eval_time,crash
2relu_adam_lr0.1_v1,"[0.39029166102409363, 0.4597291648387909, 0.45249998569488525, 0.4333541691303253, 0.34812501072883606, 0.21139582991600037, 0.1614791601896286, 0.16204166412353516, 0.18658334016799927, 0.19466666877269745]","[0.4544999897480011, 0.4584166705608368, 0.4466666579246521, 0.46674999594688416, 0.37941667437553406, 0.18933333456516266, 0.11083333194255829, 0.1459999978542328, 0.1589166671037674, 0.1929166615009308]",0.02542083114385605,0.10329707860946655,5.814146280288696,27882,0.0001976026215295728,0.4440999031066894,-
2relu_adam_lr0.001_v1,"[0.8613958358764648, 0.9353958368301392, 0.9493333101272583, 0.9570208191871643, 0.9627708196640015, 0.9669583439826965, 0.9713958501815796, 0.9736250042915344, 0.9765833616256714, 0.9786875247955322]","[0.9329166412353516, 0.9433333277702332, 0.9512500166893005, 0.9570833444595337, 0.9594166874885559, 0.9614166617393494, 0.9639999866485596, 0.9620833396911621, 0.9659166932106018, 0.9659166932106018]",0.01327083706855774,0.04786280691623688,5.562985420227051,27882,0.0001976026215295728,0.5002200603485107,-
2relu_adam_lr0.0001_v1,"[0.6101874709129333, 0.8724791407585144, 0.8988958597183228, 0.9104375243186951, 0.9173333048820496, 0.9235625267028809, 0.9278125166893005, 0.9302708506584167, 0.9336666464805603, 0.9358749985694885]","[0.8569999933242798, 0.8978333473205566, 0.9109166860580444, 0.9177500009536743, 0.9246666431427002, 0.9296666383743286, 0.9317499995231628, 0.934416651725769, 0.9375, 0.9384999871253967]",0.03194791078567505,0.10624023228883743,5.509556293487549,27882,0.0001976026215295728,0.4531018733978271,-
