model_name,accuracy_history,validation_accuracy,acc_diff_avg,loss_diff_avg,train_time,num_model_params,time_per_param,eval_time,crash
10relu_adam_v1,"[0.8149791955947876, 0.9323541522026062, 0.9496666789054871, 0.9586041569709778, 0.9624791741371155, 0.9680416584014893, 0.9702916741371155, 0.9738749861717224, 0.9749374985694885, 0.9771041870117188]","[0.92208331823349, 0.949916660785675, 0.9519166946411133, 0.9588333368301392, 0.9612500071525574, 0.9592499732971191, 0.9589999914169312, 0.9629166722297668, 0.9599999785423279, 0.9659166932106018]",0.018554168939590453,0.0642488606274128,11.891764402389526,61162,0.00020858762091251863,0.6101369857788086,-
10relu_adam_L1_L2_At_2_v1,"[0.7836041450500488, 0.9125833511352539, 0.932854175567627, 0.945020854473114, 0.9501875042915344, 0.9541666507720947, 0.957895815372467, 0.9612083435058594, 0.9626458287239075, 0.9654374718666077]","[0.9037500023841858, 0.9279166460037231, 0.9390833377838135, 0.9386666417121887, 0.9480833411216736, 0.9524999856948853, 0.9580833315849304, 0.956333339214325, 0.9484166502952576, 0.9589166641235352]",0.017764586210250854,0.11758419275283813,12.757636070251465,61162,0.00020858762091251863,0.666248083114624,-
