model_name,num_model_params,train_time,crash,eval_time,validation_accuracy,accuracy_history,loss_history,eval_accuracy,val_loss_history,val_accuracy_history
10relu_adamax_v1,61162,13.045712232589722,-,0.6402490139007568,"[0.8887500166893005, 0.9212499856948853, 0.9300000071525574, 0.9398333430290222, 0.9460833072662354, 0.952750027179718, 0.9524166584014893, 0.9457499980926514, 0.9576666951179504, 0.9554166793823242]","[0.6994374990463257, 0.9056249856948853, 0.9290000200271606, 0.9406458139419556, 0.9478958249092102, 0.952750027179718, 0.957687497138977, 0.960687518119812, 0.9639999866485596, 0.9662291407585144]","[0.8624944090843201, 0.3168500065803528, 0.23700140416622162, 0.19906149804592133, 0.1735207736492157, 0.15568682551383972, 0.13853824138641357, 0.12815070152282715, 0.11928261071443558, 0.1105165183544159]","[0.1433950513601303, 0.9553999900817871]","[0.36803361773490906, 0.26995861530303955, 0.24181845784187317, 0.20122188329696655, 0.18239925801753998, 0.16478508710861206, 0.16533808410167694, 0.1795990765094757, 0.14525997638702393, 0.15145519375801086]","[0.8887500166893005, 0.9212499856948853, 0.9300000071525574, 0.9398333430290222, 0.9460833072662354, 0.952750027179718, 0.9524166584014893, 0.9457499980926514, 0.9576666951179504, 0.9554166793823242]"
