model_name,accuracy_history,validation_accuracy,acc_diff_avg,loss_diff_avg,train_time,num_model_params,time_per_param,eval_time,crash
10relu_adamax_v1,"[0.6994374990463257, 0.9056249856948853, 0.9290000200271606, 0.9406458139419556, 0.9478958249092102, 0.952750027179718, 0.957687497138977, 0.960687518119812, 0.9639999866485596, 0.9662291407585144]","[0.8887500166893005, 0.9212499856948853, 0.9300000071525574, 0.9398333430290222, 0.9460833072662354, 0.952750027179718, 0.9524166584014893, 0.9457499980926514, 0.9576666951179504, 0.9554166793823242]",0.024591660499572753,0.07114706262946129,13.045712232589722,61162,0.00019443060073884972,0.6402490139007568,-
10relu_adam_v1,"[0.8149791955947876, 0.9323541522026062, 0.9496666789054871, 0.9586041569709778, 0.9624791741371155, 0.9680416584014893, 0.9702916741371155, 0.9738749861717224, 0.9749374985694885, 0.9771041870117188]","[0.92208331823349, 0.949916660785675, 0.9519166946411133, 0.9588333368301392, 0.9612500071525574, 0.9592499732971191, 0.9589999914169312, 0.9629166722297668, 0.9599999785423279, 0.9659166932106018]",0.018554168939590453,0.0642488606274128,11.891764402389526,61162,0.00019443060073884972,0.6101369857788086,-
