model_name,num_model_params,train_time,crash,eval_time,validation_accuracy,accuracy_history,loss_history,eval_accuracy,val_loss_history,val_accuracy_history
example_1relu_2sigmoid_v1,32042,6.493329048156738,-,0.4913451671600342,"[0.9050833582878113, 0.9324166774749756, 0.9434999823570251, 0.9484166502952576, 0.953416645526886, 0.956333339214325, 0.9594166874885559, 0.9587500095367432, 0.9593333601951599, 0.9605000019073486]","[0.7655208110809326, 0.9165208339691162, 0.9372291564941406, 0.948354184627533, 0.9546874761581421, 0.9601041674613953, 0.9648958444595337, 0.9683125019073486, 0.9704791903495789, 0.9727083444595337]","[0.9699337482452393, 0.3041652739048004, 0.22022955119609833, 0.1793302595615387, 0.15369951725006104, 0.13557414710521698, 0.12051954120397568, 0.10978551208972931, 0.10000676661729813, 0.09294087439775467]","[0.13273201882839203, 0.960099995136261]","[0.36819034814834595, 0.24458681046962738, 0.1951669305562973, 0.17724157869815826, 0.16142204403877258, 0.15044772624969482, 0.14192771911621094, 0.14268100261688232, 0.13600952923297882, 0.13191068172454834]","[0.9050833582878113, 0.9324166774749756, 0.9434999823570251, 0.9484166502952576, 0.953416645526886, 0.956333339214325, 0.9594166874885559, 0.9587500095367432, 0.9593333601951599, 0.9605000019073486]"
