model_name,num_model_params,train_time,crash,eval_time,validation_accuracy,accuracy_history,loss_history,eval_accuracy,val_loss_history,val_accuracy_history
example_v2,40362,7.825990438461304,-,0.5053243637084961,"[0.9335833191871643, 0.9522500038146973, 0.9603333473205566, 0.9559999704360962, 0.9614999890327454, 0.9641666412353516, 0.9660833477973938, 0.9621666669845581, 0.9642500281333923, 0.9649999737739563]","[0.8578958511352539, 0.9433749914169312, 0.9555208086967468, 0.9629374742507935, 0.968874990940094, 0.9716041684150696, 0.9757291674613953, 0.9772708415985107, 0.9793124794960022, 0.9815000295639038]","[0.4674032926559448, 0.18805661797523499, 0.14832869172096252, 0.12085121870040894, 0.10186603665351868, 0.09012123942375183, 0.07848767936229706, 0.07080897688865662, 0.06494307518005371, 0.05987574905157089]","[0.10763326287269592, 0.9685999751091003]","[0.2202121764421463, 0.1574699431657791, 0.14095203578472137, 0.1519203931093216, 0.13312353193759918, 0.12358366698026657, 0.12409885972738266, 0.13159270584583282, 0.13361632823944092, 0.12493392825126648]","[0.9335833191871643, 0.9522500038146973, 0.9603333473205566, 0.9559999704360962, 0.9614999890327454, 0.9641666412353516, 0.9660833477973938, 0.9621666669845581, 0.9642500281333923, 0.9649999737739563]"
