model_name,num_model_params,train_time,crash,eval_time,validation_accuracy,accuracy_history,loss_history,eval_accuracy,val_loss_history,val_accuracy_history
2relu_adam_lr0.1_v1,27882,5.814146280288696,-,0.44409990310668945,"[0.4544999897480011, 0.4584166705608368, 0.4466666579246521, 0.46674999594688416, 0.37941667437553406, 0.18933333456516266, 0.11083333194255829, 0.1459999978542328, 0.1589166671037674, 0.1929166615009308]","[0.39029166102409363, 0.4597291648387909, 0.45249998569488525, 0.4333541691303253, 0.34812501072883606, 0.21139582991600037, 0.1614791601896286, 0.16204166412353516, 0.18658334016799927, 0.19466666877269745]","[1.6580190658569336, 1.363268256187439, 1.382794976234436, 1.4437099695205688, 1.7503501176834106, 2.1975247859954834, 2.1005587577819824, 2.159775495529175, 2.046154499053955, 1.9868049621582031]","[1.9817548990249634, 0.18979999423027039]","[1.3929513692855835, 1.3633055686950684, 1.4064809083938599, 1.4048861265182495, 1.5353771448135376, 1.9697760343551636, 2.2548863887786865, 2.196427345275879, 2.1140265464782715, 1.9905877113342285]","[0.4544999897480011, 0.4584166705608368, 0.4466666579246521, 0.46674999594688416, 0.37941667437553406, 0.18933333456516266, 0.11083333194255829, 0.1459999978542328, 0.1589166671037674, 0.1929166615009308]"
